"","PORT","YEAR","USER","ADFGSTAT","TRFKEPT","TOTRF","P","SE"
"1","Kodiak",1995,"Charter",525731,13,142,0.0915492957746479,0.0242867068414875
"2","Kodiak",1995,"Charter",525732,7,142,0.0492957746478873,0.0182313153647047
"3","Kodiak",1995,"Charter",525733,116,142,0.816901408450704,0.0325700006991989
"4","Kodiak",1995,"Charter",525805,6,142,0.0422535211267606,0.016941317381004
"5","Kodiak",1995,"Private",525731,14,165,0.0848484848484849,0.0217593853408359
"6","Kodiak",1995,"Private",525732,15,165,0.0909090909090909,0.0224483999238543
"7","Kodiak",1995,"Private",525733,122,165,0.739393939393939,0.0342774317581653
"8","Kodiak",1995,"Private",525805,14,165,0.0848484848484849,0.0217593853408359
